Country,Cases,Deaths,Update Time
Algeria,5,0,2009-07-06 09:00:00
Antigua and Barbuda,2,0,2009-07-06 09:00:00
Argentina,2485,60,2009-07-06 09:00:00
Australia,5298,10,2009-07-06 09:00:00
Austria,19,0,2009-07-06 09:00:00
Bahamas,7,0,2009-07-06 09:00:00
Bahrain,15,0,2009-07-06 09:00:00
Bangladesh,18,0,2009-07-06 09:00:00
Barbados,12,0,2009-07-06 09:00:00
Belgium,54,0,2009-07-06 09:00:00
"Bermuda, UKOT",1,0,2009-07-06 09:00:00
Bolivia,416,0,2009-07-06 09:00:00
Bosnia and Hezegovina,1,0,2009-07-06 09:00:00
Brazil,737,1,2009-07-06 09:00:00
"British Virgin Islands, UKOT",2,0,2009-07-06 09:00:00
Brunei Darussalam,124,0,2009-07-06 09:00:00
Bulgaria,10,0,2009-07-06 09:00:00
Cambodia,7,0,2009-07-06 09:00:00
Canada,7983,25,2009-07-06 09:00:00
Cap Verde,3,0,2009-07-06 09:00:00
"Cayman Islands, UKOT",14,0,2009-07-06 09:00:00
Chile,7376,14,2009-07-06 09:00:00
China,2040,0,2009-07-06 09:00:00
Colombia,118,2,2009-07-06 09:00:00
Cook Island,1,0,2009-07-06 09:00:00
Costa Rica,277,3,2009-07-06 09:00:00
Cote d'Ivoire,2,0,2009-07-06 09:00:00
Croatia,1,0,2009-07-06 09:00:00
Cuba,85,0,2009-07-06 09:00:00
Cyprus,109,0,2009-07-06 09:00:00
Czech Republic,15,0,2009-07-06 09:00:00
Denmark,66,0,2009-07-06 09:00:00
Dominica,1,0,2009-07-06 09:00:00
Dominican Republic,108,2,2009-07-06 09:00:00
Ecuador,204,0,2009-07-06 09:00:00
Egypt,78,0,2009-07-06 09:00:00
El Salvador,319,0,2009-07-06 09:00:00
Estonia,13,0,2009-07-06 09:00:00
Ethiopia,3,0,2009-07-06 09:00:00
Fiji,2,0,2009-07-06 09:00:00
Finland,47,0,2009-07-06 09:00:00
France,332,0,2009-07-06 09:00:00
Germany,505,0,2009-07-06 09:00:00
Greece,151,0,2009-07-06 09:00:00
Guatemala,286,2,2009-07-06 09:00:00
Guyana,2,0,2009-07-06 09:00:00
Honduras,123,1,2009-07-06 09:00:00
Hungary,11,0,2009-07-06 09:00:00
Iceland,4,0,2009-07-06 09:00:00
India,129,0,2009-07-06 09:00:00
Indonesia,20,0,2009-07-06 09:00:00
"Iran, Islamic Republic",1,0,2009-07-06 09:00:00
Iraq,12,0,2009-07-06 09:00:00
Ireland,74,0,2009-07-06 09:00:00
Israel,681,0,2009-07-06 09:00:00
Italy,146,0,2009-07-06 09:00:00
Jamaica,32,0,2009-07-06 09:00:00
Japan,1790,0,2009-07-06 09:00:00
Jordan,23,0,2009-07-06 09:00:00
Kenya,15,0,2009-07-06 09:00:00
"Korea, Republic of",202,0,2009-07-06 09:00:00
Kuwait,35,0,2009-07-06 09:00:00
Laos,5,0,2009-07-06 09:00:00
Latvia,1,0,2009-07-06 09:00:00
Lebanon,49,0,2009-07-06 09:00:00
Libya,1,0,2009-07-06 09:00:00
Lithuania,3,0,2009-07-06 09:00:00
Luxembourg,6,0,2009-07-06 09:00:00
Malaysia,112,0,2009-07-06 09:00:00
Malta,24,0,2009-07-06 09:00:00
Mauritius,1,0,2009-07-06 09:00:00
Mexico,10262,119,2009-07-06 09:00:00
Montenegro,10,0,2009-07-06 09:00:00
Morocco,17,0,2009-07-06 09:00:00
Myanmar,1,0,2009-07-06 09:00:00
Nepal,5,0,2009-07-06 09:00:00
Netherlands,155,0,2009-07-06 09:00:00
New Zealand,1059,3,2009-07-06 09:00:00
Nicaragua,321,0,2009-07-06 09:00:00
Norway,41,0,2009-07-06 09:00:00
Oman,4,0,2009-07-06 09:00:00
Palau,1,0,2009-07-06 09:00:00
Panama,417,0,2009-07-06 09:00:00
Papua New Guinea,1,0,2009-07-06 09:00:00
Paraguay,106,1,2009-07-06 09:00:00
Peru,916,0,2009-07-06 09:00:00
Philippines,1709,1,2009-07-06 09:00:00
Poland,25,0,2009-07-06 09:00:00
Portugal,42,0,2009-07-06 09:00:00
Qatar,23,0,2009-07-06 09:00:00
Romania,41,0,2009-07-06 09:00:00
Russia,3,0,2009-07-06 09:00:00
Saint Lucia,1,0,2009-07-06 09:00:00
Samoa,1,0,2009-07-06 09:00:00
Saudi Arabia,114,0,2009-07-06 09:00:00
Serbia,15,0,2009-07-06 09:00:00
Singapore,1055,0,2009-07-06 09:00:00
Slovakia,18,0,2009-07-06 09:00:00
Slovenia,14,0,2009-07-06 09:00:00
South Africa,18,0,2009-07-06 09:00:00
Spain,776,1,2009-07-06 09:00:00
Sri Lanka,19,0,2009-07-06 09:00:00
Suriname,11,0,2009-07-06 09:00:00
Sweden,84,0,2009-07-06 09:00:00
Switzerland,76,0,2009-07-06 09:00:00
Syria,1,0,2009-07-06 09:00:00
Thailand,2076,7,2009-07-06 09:00:00
The former Yugoslav Republic of Macedonia,2,0,2009-07-06 09:00:00
Trinidad and Tobago,65,0,2009-07-06 09:00:00
Tunisia,5,0,2009-07-06 09:00:00
Turkey,40,0,2009-07-06 09:00:00
Uganda,1,0,2009-07-06 09:00:00
Ukraine,1,0,2009-07-06 09:00:00
United Arab Emirates,8,0,2009-07-06 09:00:00
United Kingdom,7464,3,2009-07-06 09:00:00
United States of America,33902,170,2009-07-06 09:00:00
Puerto Rico,18,0,2009-07-06 09:00:00
Virgin Islands,1,0,2009-07-06 09:00:00
Uruguay,195,4,2009-07-06 09:00:00
Vanuatu,2,0,2009-07-06 09:00:00
Venezuela,206,0,2009-07-06 09:00:00
Viet Nam,181,0,2009-07-06 09:00:00
West Bank and Gaza Strip,60,0,2009-07-06 09:00:00
Yemen,8,0,2009-07-06 09:00:00
Algeria,5,0,2009-07-03 09:00:00
Antigua and Barbuda,2,0,2009-07-03 09:00:00
Argentina,1587,26,2009-07-03 09:00:00
Australia,4568,9,2009-07-03 09:00:00
Austria,15,0,2009-07-03 09:00:00
Bahamas,6,0,2009-07-03 09:00:00
Bahrain,15,0,2009-07-03 09:00:00
Bangladesh,12,0,2009-07-03 09:00:00
Barbados,12,0,2009-07-03 09:00:00
Belgium,49,0,2009-07-03 09:00:00
"Bermuda, UKOT",1,0,2009-07-03 09:00:00
Bolivia,283,0,2009-07-03 09:00:00
Bosnia and Hezegovina,1,0,2009-07-03 09:00:00
Brazil,737,1,2009-07-03 09:00:00
"British Virgin Islands, UKOT",2,0,2009-07-03 09:00:00
Brunei Darussalam,85,0,2009-07-03 09:00:00
Bulgaria,10,0,2009-07-03 09:00:00
Cambodia,7,0,2009-07-03 09:00:00
Canada,7983,25,2009-07-03 09:00:00
Cap Verde,3,0,2009-07-03 09:00:00
"Cayman Islands, UKOT",14,0,2009-07-03 09:00:00
Chile,7376,14,2009-07-03 09:00:00
China,1814,0,2009-07-03 09:00:00
Colombia,101,2,2009-07-03 09:00:00
Costa Rica,227,2,2009-07-03 09:00:00
Cote d'Ivoire,2,0,2009-07-03 09:00:00
Cuba,73,0,2009-07-03 09:00:00
Cyprus,70,0,2009-07-03 09:00:00
Czech Republic,15,0,2009-07-03 09:00:00
Denmark,63,0,2009-07-03 09:00:00
Dominica,1,0,2009-07-03 09:00:00
Dominican Republic,108,2,2009-07-03 09:00:00
Ecuador,163,0,2009-07-03 09:00:00
Egypt,67,0,2009-07-03 09:00:00
El Salvador,253,0,2009-07-03 09:00:00
Estonia,13,0,2009-07-03 09:00:00
Ethiopia,3,0,2009-07-03 09:00:00
Fiji,2,0,2009-07-03 09:00:00
Finland,43,0,2009-07-03 09:00:00
France,310,0,2009-07-03 09:00:00
Germany,470,0,2009-07-03 09:00:00
Greece,109,0,2009-07-03 09:00:00
Guatemala,254,2,2009-07-03 09:00:00
Honduras,123,1,2009-07-03 09:00:00
Hungary,11,0,2009-07-03 09:00:00
Iceland,4,0,2009-07-03 09:00:00
India,104,0,2009-07-03 09:00:00
Indonesia,8,0,2009-07-03 09:00:00
Iran,1,0,2009-07-03 09:00:00
Iraq,11,0,2009-07-03 09:00:00
Ireland,51,0,2009-07-03 09:00:00
Israel,577,0,2009-07-03 09:00:00
Italy,130,0,2009-07-03 09:00:00
Jamaica,32,0,2009-07-03 09:00:00
Japan,1446,0,2009-07-03 09:00:00
Jordan,22,0,2009-07-03 09:00:00
Kenya,12,0,2009-07-03 09:00:00
"Korea, Republic of",202,0,2009-07-03 09:00:00
Kuwait,35,0,2009-07-03 09:00:00
Laos,3,0,2009-07-03 09:00:00
Latvia,1,0,2009-07-03 09:00:00
Lebanon,47,0,2009-07-03 09:00:00
Lithuania,3,0,2009-07-03 09:00:00
Luxembourg,4,0,2009-07-03 09:00:00
Malaysia,112,0,2009-07-03 09:00:00
Malta,2,0,2009-07-03 09:00:00
Mauritius,1,0,2009-07-03 09:00:00
Mexico,10262,119,2009-07-03 09:00:00
Montenegro,9,0,2009-07-03 09:00:00
Morocco,17,0,2009-07-03 09:00:00
Myanmar,1,0,2009-07-03 09:00:00
Nepal,5,0,2009-07-03 09:00:00
Netherlands,154,0,2009-07-03 09:00:00
New Zealand,912,0,2009-07-03 09:00:00
Nicaragua,308,0,2009-07-03 09:00:00
Norway,41,0,2009-07-03 09:00:00
Oman,3,0,2009-07-03 09:00:00
Palau,1,0,2009-07-03 09:00:00
Panama,417,0,2009-07-03 09:00:00
Papua New Guinea,1,0,2009-07-03 09:00:00
Paraguay,103,0,2009-07-03 09:00:00
Peru,538,0,2009-07-03 09:00:00
Philippines,1709,1,2009-07-03 09:00:00
Poland,19,0,2009-07-03 09:00:00
Portugal,27,0,2009-07-03 09:00:00
Qatar,10,0,2009-07-03 09:00:00
Romania,36,0,2009-07-03 09:00:00
Russia,3,0,2009-07-03 09:00:00
Saint Lucia,1,0,2009-07-03 09:00:00
Samoa,1,0,2009-07-03 09:00:00
Saudi Arabia,89,0,2009-07-03 09:00:00
Serbia,15,0,2009-07-03 09:00:00
Singapore,878,0,2009-07-03 09:00:00
Slovakia,18,0,2009-07-03 09:00:00
Slovenia,5,0,2009-07-03 09:00:00
South Africa,12,0,2009-07-03 09:00:00
Spain,760,1,2009-07-03 09:00:00
Sri Lanka,17,0,2009-07-03 09:00:00
Suriname,11,0,2009-07-03 09:00:00
Sweden,74,0,2009-07-03 09:00:00
Switzerland,72,0,2009-07-03 09:00:00
Thailand,1414,3,2009-07-03 09:00:00
Trinidad and Tobago,53,0,2009-07-03 09:00:00
Tunisia,3,0,2009-07-03 09:00:00
Turkey,40,0,2009-07-03 09:00:00
Uganda,1,0,2009-07-03 09:00:00
Ukraine,1,0,2009-07-03 09:00:00
United Arab Emirates,8,0,2009-07-03 09:00:00
United Kingdom,7464,3,2009-07-03 09:00:00
United States of America,33902,170,2009-07-03 09:00:00
Uruguay,195,1,2009-07-03 09:00:00
Vanuatu,2,0,2009-07-03 09:00:00
Venezuela,204,0,2009-07-03 09:00:00
Viet Nam,131,0,2009-07-03 09:00:00
West Bank and Gaza Strip,30,0,2009-07-03 09:00:00
Yemen,7,0,2009-07-03 09:00:00
Algeria,2,0,2009-07-01 09:00:00
Antigua and Barbuda,2,0,2009-07-01 09:00:00
Argentina,1587,26,2009-07-01 09:00:00
Australia,4090,7,2009-07-01 09:00:00
Austria,15,0,2009-07-01 09:00:00
Bahamas,6,0,2009-07-01 09:00:00
Bahrain,15,0,2009-07-01 09:00:00
Bangladesh,1,0,2009-07-01 09:00:00
Barbados,10,0,2009-07-01 09:00:00
Belgium,47,0,2009-07-01 09:00:00
"Bermuda, UKOT",1,0,2009-07-01 09:00:00
Bolivia,205,0,2009-07-01 09:00:00
Brazil,680,1,2009-07-01 09:00:00
"British Virgin Islands, UKOT",1,0,2009-07-01 09:00:00
Brunei Darussalam,29,0,2009-07-01 09:00:00
Bulgaria,10,0,2009-07-01 09:00:00
Cambodia,6,0,2009-07-01 09:00:00
Canada,7983,25,2009-07-01 09:00:00
Cap Verde,3,0,2009-07-01 09:00:00
"Cayman Islands, UKOT",13,0,2009-07-01 09:00:00
Chile,6211,12,2009-07-01 09:00:00
China,1518,0,2009-07-01 09:00:00
Colombia,93,2,2009-07-01 09:00:00
Costa Rica,279,2,2009-07-01 09:00:00
Cote d'Ivoire,2,0,2009-07-01 09:00:00
Cuba,46,0,2009-07-01 09:00:00
Cyprus,48,0,2009-07-01 09:00:00
Czech Republic,9,0,2009-07-01 09:00:00
Denmark,55,0,2009-07-01 09:00:00
Dominica,1,0,2009-07-01 09:00:00
Dominican Republic,108,2,2009-07-01 09:00:00
Ecuador,163,0,2009-07-01 09:00:00
Egypt,67,0,2009-07-01 09:00:00
El Salvador,226,0,2009-07-01 09:00:00
Estonia,13,0,2009-07-01 09:00:00
Ethiopia,2,0,2009-07-01 09:00:00
Fiji,2,0,2009-07-01 09:00:00
Finland,26,0,2009-07-01 09:00:00
France,287,0,2009-07-01 09:00:00
Germany,417,0,2009-07-01 09:00:00
Greece,92,0,2009-07-01 09:00:00
Guatemala,254,2,2009-07-01 09:00:00
Honduras,118,1,2009-07-01 09:00:00
Hungary,10,0,2009-07-01 09:00:00
Iceland,4,0,2009-07-01 09:00:00
India,104,0,2009-07-01 09:00:00
Indonesia,8,0,2009-07-01 09:00:00
Iran,1,0,2009-07-01 09:00:00
Iraq,11,0,2009-07-01 09:00:00
Ireland,41,0,2009-07-01 09:00:00
Israel,506,0,2009-07-01 09:00:00
Italy,123,0,2009-07-01 09:00:00
Jamaica,32,0,2009-07-01 09:00:00
Japan,1266,0,2009-07-01 09:00:00
Jordan,20,0,2009-07-01 09:00:00
Kenya,1,0,2009-07-01 09:00:00
"Korea, Republic of",202,0,2009-07-01 09:00:00
Kuwait,34,0,2009-07-01 09:00:00
Laos,3,0,2009-07-01 09:00:00
Latvia,1,0,2009-07-01 09:00:00
Lebanon,39,0,2009-07-01 09:00:00
Lithuania,1,0,2009-07-01 09:00:00
Luxembourg,4,0,2009-07-01 09:00:00
Malaysia,112,0,2009-07-01 09:00:00
Mauritius,7,0,2009-07-01 09:00:00
Mexico,8680,116,2009-07-01 09:00:00
Montenegro,4,0,2009-07-01 09:00:00
Morocco,17,0,2009-07-01 09:00:00
Myanmar,1,0,2009-07-01 09:00:00
Nepal,3,0,2009-07-01 09:00:00
Netherlands,142,0,2009-07-01 09:00:00
New Zealand,711,0,2009-07-01 09:00:00
Nicaragua,293,0,2009-07-01 09:00:00
Norway,32,0,2009-07-01 09:00:00
Oman,3,0,2009-07-01 09:00:00
Panama,417,0,2009-07-01 09:00:00
Papua New Guinea,1,0,2009-07-01 09:00:00
Paraguay,96,0,2009-07-01 09:00:00
Peru,538,0,2009-07-01 09:00:00
Philippines,861,1,2009-07-01 09:00:00
Poland,15,0,2009-07-01 09:00:00
Portugal,17,0,2009-07-01 09:00:00
Qatar,10,0,2009-07-01 09:00:00
Romania,28,0,2009-07-01 09:00:00
Russia,3,0,2009-07-01 09:00:00
Saint Lucia,1,0,2009-07-01 09:00:00
Samoa,1,0,2009-07-01 09:00:00
Saudi Arabia,81,0,2009-07-01 09:00:00
Serbia,12,0,2009-07-01 09:00:00
Singapore,701,0,2009-07-01 09:00:00
Slovakia,13,0,2009-07-01 09:00:00
Slovenia,4,0,2009-07-01 09:00:00
South Africa,1,0,2009-07-01 09:00:00
Spain,717,1,2009-07-01 09:00:00
Sri Lanka,15,0,2009-07-01 09:00:00
Suriname,11,0,2009-07-01 09:00:00
Sweden,69,0,2009-07-01 09:00:00
Switzerland,56,0,2009-07-01 09:00:00
Thailand,1414,3,2009-07-01 09:00:00
Trinidad and Tobago,53,0,2009-07-01 09:00:00
Tunisia,3,0,2009-07-01 09:00:00
Turkey,32,0,2009-07-01 09:00:00
Ukraine,1,0,2009-07-01 09:00:00
United Arab Emirates,8,0,2009-07-01 09:00:00
United Kingdom,6552,3,2009-07-01 09:00:00
United States of America,27717,127,2009-07-01 09:00:00
Uruguay,195,1,2009-07-01 09:00:00
Vanuatu,2,0,2009-07-01 09:00:00
Venezuela,193,0,2009-07-01 09:00:00
Viet Nam,123,0,2009-07-01 09:00:00
West Bank and Gaza Strip,13,0,2009-07-01 09:00:00
Yemen,7,0,2009-07-01 09:00:00
Algeria,2,0,2009-06-29 09:00:00
Antigua and Barbuda,2,0,2009-06-29 09:00:00
Argentina,1488,23,2009-06-29 09:00:00
Australia,4038,7,2009-06-29 09:00:00
Austria,12,0,2009-06-29 09:00:00
Bahamas,4,0,2009-06-29 09:00:00
Bahrain,15,0,2009-06-29 09:00:00
Bangladesh,1,0,2009-06-29 09:00:00
Barbados,10,0,2009-06-29 09:00:00
Belgium,43,0,2009-06-29 09:00:00
"Bermuda, UKOT",1,0,2009-06-29 09:00:00
Bolivia,126,0,2009-06-29 09:00:00
Brazil,452,0,2009-06-29 09:00:00
"British Virgin Islands, UKOT",1,0,2009-06-29 09:00:00
Brunei Darussalam,29,0,2009-06-29 09:00:00
Bulgaria,7,0,2009-06-29 09:00:00
Cambodia,6,0,2009-06-29 09:00:00
Canada,7775,21,2009-06-29 09:00:00
Cap Verde,3,0,2009-06-29 09:00:00
"Cayman Islands, UKOT",9,0,2009-06-29 09:00:00
Chile,5186,7,2009-06-29 09:00:00
China,1442,0,2009-06-29 09:00:00
Colombia,88,2,2009-06-29 09:00:00
Costa Rica,255,1,2009-06-29 09:00:00
Cote d'Ivoire,2,0,2009-06-29 09:00:00
Cuba,34,0,2009-06-29 09:00:00
Cyprus,25,0,2009-06-29 09:00:00
Czech Republic,9,0,2009-06-29 09:00:00
Denmark,44,0,2009-06-29 09:00:00
Dominica,1,0,2009-06-29 09:00:00
Dominican Republic,108,2,2009-06-29 09:00:00
Ecuador,125,0,2009-06-29 09:00:00
Egypt,50,0,2009-06-29 09:00:00
El Salvador,226,0,2009-06-29 09:00:00
Estonia,13,0,2009-06-29 09:00:00
Ethiopia,2,0,2009-06-29 09:00:00
Fiji,2,0,2009-06-29 09:00:00
Finland,26,0,2009-06-29 09:00:00
France,240,0,2009-06-29 09:00:00
Germany,366,0,2009-06-29 09:00:00
Greece,86,0,2009-06-29 09:00:00
Guatemala,254,2,2009-06-29 09:00:00
Honduras,118,1,2009-06-29 09:00:00
Hungary,8,0,2009-06-29 09:00:00
Iceland,4,0,2009-06-29 09:00:00
India,64,0,2009-06-29 09:00:00
Indonesia,8,0,2009-06-29 09:00:00
Iran,1,0,2009-06-29 09:00:00
Iraq,10,0,2009-06-29 09:00:00
Ireland,39,0,2009-06-29 09:00:00
Israel,469,0,2009-06-29 09:00:00
Italy,112,0,2009-06-29 09:00:00
Jamaica,21,0,2009-06-29 09:00:00
Japan,1212,0,2009-06-29 09:00:00
Jordan,18,0,2009-06-29 09:00:00
"Korea, Republic of",202,0,2009-06-29 09:00:00
Kuwait,30,0,2009-06-29 09:00:00
Laos,3,0,2009-06-29 09:00:00
Latvia,1,0,2009-06-29 09:00:00
Lebanon,25,0,2009-06-29 09:00:00
Lithuania,1,0,2009-06-29 09:00:00
Luxembourg,4,0,2009-06-29 09:00:00
Malaysia,112,0,2009-06-29 09:00:00
Mexico,8279,116,2009-06-29 09:00:00
Monaco,1,0,2009-06-29 09:00:00
Montenegro,1,0,2009-06-29 09:00:00
Morocco,11,0,2009-06-29 09:00:00
Nepal,3,0,2009-06-29 09:00:00
Netherlands,122,0,2009-06-29 09:00:00
New Zealand,587,0,2009-06-29 09:00:00
Nicaragua,277,0,2009-06-29 09:00:00
Norway,31,0,2009-06-29 09:00:00
Oman,3,0,2009-06-29 09:00:00
Panama,403,0,2009-06-29 09:00:00
Papua New Guinea,1,0,2009-06-29 09:00:00
Paraguay,85,0,2009-06-29 09:00:00
Peru,360,0,2009-06-29 09:00:00
Philippines,861,1,2009-06-29 09:00:00
Poland,14,0,2009-06-29 09:00:00
Portugal,11,0,2009-06-29 09:00:00
Qatar,10,0,2009-06-29 09:00:00
Romania,24,0,2009-06-29 09:00:00
Russia,3,0,2009-06-29 09:00:00
Samoa,1,0,2009-06-29 09:00:00
Saudi Arabia,69,0,2009-06-29 09:00:00
Serbia,5,0,2009-06-29 09:00:00
Singapore,599,0,2009-06-29 09:00:00
Slovakia,9,0,2009-06-29 09:00:00
Slovenia,4,0,2009-06-29 09:00:00
South Africa,1,0,2009-06-29 09:00:00
Spain,541,0,2009-06-29 09:00:00
Sri Lanka,9,0,2009-06-29 09:00:00
Suriname,11,0,2009-06-29 09:00:00
Sweden,67,0,2009-06-29 09:00:00
Switzerland,49,0,2009-06-29 09:00:00
Thailand,774,0,2009-06-29 09:00:00
Trinidad and Tobago,53,0,2009-06-29 09:00:00
Tunisia,2,0,2009-06-29 09:00:00
Turkey,27,0,2009-06-29 09:00:00
Ukraine,1,0,2009-06-29 09:00:00
United Arab Emirates,8,0,2009-06-29 09:00:00
United Kingdom,4260,1,2009-06-29 09:00:00
United States of America,27717,127,2009-06-29 09:00:00
Uruguay,195,0,2009-06-29 09:00:00
Vanuatu,2,0,2009-06-29 09:00:00
Venezuela,172,0,2009-06-29 09:00:00
Viet Nam,84,0,2009-06-29 09:00:00
West Bank and Gaza Strip,9,0,2009-06-29 09:00:00
Yemen,6,0,2009-06-29 09:00:00
Algeria,2,0,2009-06-26 07:00:00
Antigua and Barbuda,2,0,2009-06-26 07:00:00
Argentina,1391,21,2009-06-26 07:00:00
Australia,3280,3,2009-06-26 07:00:00
Austria,12,0,2009-06-26 07:00:00
Bahamas,4,0,2009-06-26 07:00:00
Bahrain,15,0,2009-06-26 07:00:00
Bangladesh,1,0,2009-06-26 07:00:00
Barbados,10,0,2009-06-26 07:00:00
Belgium,36,0,2009-06-26 07:00:00
"Bermuda, UKOT",1,0,2009-06-26 07:00:00
Bolivia,47,0,2009-06-26 07:00:00
Brazil,399,0,2009-06-26 07:00:00
"British Virgin Islands, UKOT",1,0,2009-06-26 07:00:00
Brunei Darussalam,11,0,2009-06-26 07:00:00
Bulgaria,7,0,2009-06-26 07:00:00
Cambodia,5,0,2009-06-26 07:00:00
Canada,6732,19,2009-06-26 07:00:00
Cap Verde,3,0,2009-06-26 07:00:00
"Cayman Islands, UKOT",9,0,2009-06-26 07:00:00
Chile,5186,7,2009-06-26 07:00:00
China,1089,0,2009-06-26 07:00:00
Colombia,72,2,2009-06-26 07:00:00
Costa Rica,222,1,2009-06-26 07:00:00
Cote d'Ivoire,2,0,2009-06-26 07:00:00
Cuba,34,0,2009-06-26 07:00:00
Cyprus,9,0,2009-06-26 07:00:00
Czech Republic,9,0,2009-06-26 07:00:00
Denmark,41,0,2009-06-26 07:00:00
Dominica,1,0,2009-06-26 07:00:00
Dominican Republic,108,2,2009-06-26 07:00:00
Ecuador,125,0,2009-06-26 07:00:00
Egypt,43,0,2009-06-26 07:00:00
El Salvador,160,0,2009-06-26 07:00:00
Estonia,8,0,2009-06-26 07:00:00
Ethiopia,2,0,2009-06-26 07:00:00
Fiji,2,0,2009-06-26 07:00:00
Finland,26,0,2009-06-26 07:00:00
France,194,0,2009-06-26 07:00:00
Germany,333,0,2009-06-26 07:00:00
Greece,73,0,2009-06-26 07:00:00
Guatemala,254,2,2009-06-26 07:00:00
Honduras,118,1,2009-06-26 07:00:00
Hungary,8,0,2009-06-26 07:00:00
Iceland,4,0,2009-06-26 07:00:00
India,64,0,2009-06-26 07:00:00
Indonesia,2,0,2009-06-26 07:00:00
Iran,1,0,2009-06-26 07:00:00
Ireland,29,0,2009-06-26 07:00:00
Israel,405,0,2009-06-26 07:00:00
Italy,102,0,2009-06-26 07:00:00
Jamaica,19,0,2009-06-26 07:00:00
Japan,1049,0,2009-06-26 07:00:00
Jordan,15,0,2009-06-26 07:00:00
"Korea, Republic of",142,0,2009-06-26 07:00:00
Kuwait,30,0,2009-06-26 07:00:00
Laos,3,0,2009-06-26 07:00:00
Latvia,1,0,2009-06-26 07:00:00
Lebanon,25,0,2009-06-26 07:00:00
Luxembourg,3,0,2009-06-26 07:00:00
Malaysia,68,0,2009-06-26 07:00:00
Mexico,8279,116,2009-06-26 07:00:00
Montenegro,1,0,2009-06-26 07:00:00
Morocco,11,0,2009-06-26 07:00:00
Netherlands,120,0,2009-06-26 07:00:00
New Zealand,453,0,2009-06-26 07:00:00
Nicaragua,265,0,2009-06-26 07:00:00
Norway,22,0,2009-06-26 07:00:00
Oman,3,0,2009-06-26 07:00:00
Panama,358,0,2009-06-26 07:00:00
Papua New Guinea,1,0,2009-06-26 07:00:00
Paraguay,79,0,2009-06-26 07:00:00
Peru,252,0,2009-06-26 07:00:00
Philippines,445,1,2009-06-26 07:00:00
Poland,13,0,2009-06-26 07:00:00
Portugal,7,0,2009-06-26 07:00:00
Qatar,10,0,2009-06-26 07:00:00
Romania,19,0,2009-06-26 07:00:00
Russia,3,0,2009-06-26 07:00:00
Samoa,1,0,2009-06-26 07:00:00
Saudi Arabia,48,0,2009-06-26 07:00:00
Serbia,2,0,2009-06-26 07:00:00
Singapore,315,0,2009-06-26 07:00:00
Slovakia,7,0,2009-06-26 07:00:00
Slovenia,3,0,2009-06-26 07:00:00
South Africa,1,0,2009-06-26 07:00:00
Spain,541,0,2009-06-26 07:00:00
Sri Lanka,7,0,2009-06-26 07:00:00
Suriname,11,0,2009-06-26 07:00:00
Sweden,61,0,2009-06-26 07:00:00
Switzerland,47,0,2009-06-26 07:00:00
Thailand,774,0,2009-06-26 07:00:00
Trinidad and Tobago,25,0,2009-06-26 07:00:00
Tunisia,2,0,2009-06-26 07:00:00
Turkey,26,0,2009-06-26 07:00:00
Ukraine,1,0,2009-06-26 07:00:00
United Arab Emirates,7,0,2009-06-26 07:00:00
United Kingdom,3607,1,2009-06-26 07:00:00
United States of America,21449,87,2009-06-26 07:00:00
Uruguay,195,0,2009-06-26 07:00:00
Vanuatu,2,0,2009-06-26 07:00:00
Venezuela,153,0,2009-06-26 07:00:00
Viet Nam,63,0,2009-06-26 07:00:00
West Bank and Gaza Strip,9,0,2009-06-26 07:00:00
Yemen,6,0,2009-06-26 07:00:00
Algeria,2,0,2009-06-24 07:00:00
Antigua and Barbuda,2,0,2009-06-24 07:00:00
Argentina,1213,7,2009-06-24 07:00:00
Australia,2857,2,2009-06-24 07:00:00
Austria,12,0,2009-06-24 07:00:00
Bahamas,4,0,2009-06-24 07:00:00
Bahrain,15,0,2009-06-24 07:00:00
Bangladesh,1,0,2009-06-24 07:00:00
Barbados,5,0,2009-06-24 07:00:00
Belgium,30,0,2009-06-24 07:00:00
"Bermuda, UKOT",1,0,2009-06-24 07:00:00
Bolivia,44,0,2009-06-24 07:00:00
Brazil,334,0,2009-06-24 07:00:00
"British Virgin Islands, UKOT",1,0,2009-06-24 07:00:00
Brunei Darussalam,4,0,2009-06-24 07:00:00
Bulgaria,5,0,2009-06-24 07:00:00
Cambodia,1,0,2009-06-24 07:00:00
Canada,6457,15,2009-06-24 07:00:00
Cap Verde,3,0,2009-06-24 07:00:00
"Cayman Islands, UKOT",7,0,2009-06-24 07:00:00
Chile,4315,4,2009-06-24 07:00:00
China,906,0,2009-06-24 07:00:00
Colombia,71,2,2009-06-24 07:00:00
Costa Rica,189,1,2009-06-24 07:00:00
Cote d'Ivoire,2,0,2009-06-24 07:00:00
Cuba,15,0,2009-06-24 07:00:00
Cyprus,5,0,2009-06-24 07:00:00
Czech Republic,7,0,2009-06-24 07:00:00
Denmark,34,0,2009-06-24 07:00:00
Dominica,1,0,2009-06-24 07:00:00
Dominican Republic,108,2,2009-06-24 07:00:00
Ecuador,115,0,2009-06-24 07:00:00
Egypt,40,0,2009-06-24 07:00:00
El Salvador,160,0,2009-06-24 07:00:00
Estonia,5,0,2009-06-24 07:00:00
Ethiopia,2,0,2009-06-24 07:00:00
Fiji,2,0,2009-06-24 07:00:00
Finland,26,0,2009-06-24 07:00:00
France,174,0,2009-06-24 07:00:00
Germany,301,0,2009-06-24 07:00:00
Greece,58,0,2009-06-24 07:00:00
Guatemala,235,1,2009-06-24 07:00:00
Honduras,118,0,2009-06-24 07:00:00
Hungary,7,0,2009-06-24 07:00:00
Iceland,4,0,2009-06-24 07:00:00
India,64,0,2009-06-24 07:00:00
Ireland,23,0,2009-06-24 07:00:00
Israel,375,0,2009-06-24 07:00:00
Italy,96,0,2009-06-24 07:00:00
Jamaica,19,0,2009-06-24 07:00:00
Japan,893,0,2009-06-24 07:00:00
Jordan,15,0,2009-06-24 07:00:00
"Korea, Republic of",115,0,2009-06-24 07:00:00
Kuwait,26,0,2009-06-24 07:00:00
Laos,3,0,2009-06-24 07:00:00
Latvia,1,0,2009-06-24 07:00:00
Lebanon,25,0,2009-06-24 07:00:00
Luxembourg,3,0,2009-06-24 07:00:00
Malaysia,68,0,2009-06-24 07:00:00
Mexico,7847,115,2009-06-24 07:00:00
Montenegro,1,0,2009-06-24 07:00:00
Morocco,9,0,2009-06-24 07:00:00
Netherlands,114,0,2009-06-24 07:00:00
New Zealand,386,0,2009-06-24 07:00:00
Nicaragua,220,0,2009-06-24 07:00:00
Norway,22,0,2009-06-24 07:00:00
Oman,3,0,2009-06-24 07:00:00
Panama,330,0,2009-06-24 07:00:00
Papua New Guinea,1,0,2009-06-24 07:00:00
Paraguay,58,0,2009-06-24 07:00:00
Peru,217,0,2009-06-24 07:00:00
Philippines,445,1,2009-06-24 07:00:00
Poland,13,0,2009-06-24 07:00:00
Portugal,6,0,2009-06-24 07:00:00
Qatar,10,0,2009-06-24 07:00:00
Romania,19,0,2009-06-24 07:00:00
Russia,3,0,2009-06-24 07:00:00
Samoa,1,0,2009-06-24 07:00:00
Saudi Arabia,45,0,2009-06-24 07:00:00
Singapore,194,0,2009-06-24 07:00:00
Slovakia,4,0,2009-06-24 07:00:00
Slovenia,1,0,2009-06-24 07:00:00
South Africa,1,0,2009-06-24 07:00:00
Spain,539,0,2009-06-24 07:00:00
Sri Lanka,5,0,2009-06-24 07:00:00
Suriname,11,0,2009-06-24 07:00:00
Sweden,55,0,2009-06-24 07:00:00
Switzerland,33,0,2009-06-24 07:00:00
Thailand,774,0,2009-06-24 07:00:00
Trinidad and Tobago,25,0,2009-06-24 07:00:00
Tunisia,2,0,2009-06-24 07:00:00
Turkey,26,0,2009-06-24 07:00:00
Ukraine,1,0,2009-06-24 07:00:00
United Arab Emirates,2,0,2009-06-24 07:00:00
United Kingdom,2909,1,2009-06-24 07:00:00
United States of America,21449,87,2009-06-24 07:00:00
Uruguay,195,0,2009-06-24 07:00:00
Venezuela,135,0,2009-06-24 07:00:00
Viet Nam,56,0,2009-06-24 07:00:00
West Bank and Gaza Strip,8,0,2009-06-24 07:00:00
Yemen,6,0,2009-06-24 07:00:00
Algeria,1,0,2009-06-22 07:00:00
Argentina,1010,7,2009-06-22 07:00:00
Australia,2436,1,2009-06-22 07:00:00
Austria,9,0,2009-06-22 07:00:00
Bahamas,2,0,2009-06-22 07:00:00
Bahrain,15,0,2009-06-22 07:00:00
Bangladesh,1,0,2009-06-22 07:00:00
Barbados,4,0,2009-06-22 07:00:00
Belgium,29,0,2009-06-22 07:00:00
"Bermuda, UKOT",1,0,2009-06-22 07:00:00
Bolivia,25,0,2009-06-22 07:00:00
Brazil,131,0,2009-06-22 07:00:00
"British Virgin Islands, UKOT",1,0,2009-06-22 07:00:00
Brunei Darussalam,1,0,2009-06-22 07:00:00
Bulgaria,2,0,2009-06-22 07:00:00
Canada,5710,13,2009-06-22 07:00:00
"Cayman Islands, UKOT",4,0,2009-06-22 07:00:00
Chile,4315,4,2009-06-22 07:00:00
China,739,0,2009-06-22 07:00:00
Colombia,71,2,2009-06-22 07:00:00
Costa Rica,149,1,2009-06-22 07:00:00
Cuba,15,0,2009-06-22 07:00:00
Cyprus,4,0,2009-06-22 07:00:00
Czech Republic,7,0,2009-06-22 07:00:00
Denmark,23,0,2009-06-22 07:00:00
Dominica,1,0,2009-06-22 07:00:00
Dominican Republic,93,1,2009-06-22 07:00:00
Ecuador,95,0,2009-06-22 07:00:00
Egypt,39,0,2009-06-22 07:00:00
El Salvador,160,0,2009-06-22 07:00:00
Estonia,5,0,2009-06-22 07:00:00
Fiji,1,0,2009-06-22 07:00:00
Finland,13,0,2009-06-22 07:00:00
France,149,0,2009-06-22 07:00:00
Germany,275,0,2009-06-22 07:00:00
Greece,48,0,2009-06-22 07:00:00
Guatemala,208,1,2009-06-22 07:00:00
Honduras,108,0,2009-06-22 07:00:00
Hungary,7,0,2009-06-22 07:00:00
Iceland,4,0,2009-06-22 07:00:00
India,44,0,2009-06-22 07:00:00
Ireland,23,0,2009-06-22 07:00:00
Israel,291,0,2009-06-22 07:00:00
Italy,88,0,2009-06-22 07:00:00
Jamaica,19,0,2009-06-22 07:00:00
Japan,850,0,2009-06-22 07:00:00
Jordan,13,0,2009-06-22 07:00:00
"Korea, Republic of",105,0,2009-06-22 07:00:00
Kuwait,26,0,2009-06-22 07:00:00
Laos,2,0,2009-06-22 07:00:00
Lebanon,12,0,2009-06-22 07:00:00
Luxembourg,3,0,2009-06-22 07:00:00
Malaysia,23,0,2009-06-22 07:00:00
Mexico,7624,113,2009-06-22 07:00:00
Morocco,6,0,2009-06-22 07:00:00
Netherlands,95,0,2009-06-22 07:00:00
New Zealand,258,0,2009-06-22 07:00:00
Nicaragua,189,0,2009-06-22 07:00:00
Norway,17,0,2009-06-22 07:00:00
Oman,3,0,2009-06-22 07:00:00
Panama,330,0,2009-06-22 07:00:00
Papua New Guinea,1,0,2009-06-22 07:00:00
Paraguay,48,0,2009-06-22 07:00:00
Peru,185,0,2009-06-22 07:00:00
Philippines,344,0,2009-06-22 07:00:00
Poland,13,0,2009-06-22 07:00:00
Portugal,6,0,2009-06-22 07:00:00
Qatar,8,0,2009-06-22 07:00:00
Romania,18,0,2009-06-22 07:00:00
Russia,3,0,2009-06-22 07:00:00
Samoa,1,0,2009-06-22 07:00:00
Saudi Arabia,35,0,2009-06-22 07:00:00
Singapore,142,0,2009-06-22 07:00:00
Slovakia,3,0,2009-06-22 07:00:00
Slovenia,1,0,2009-06-22 07:00:00
South Africa,1,0,2009-06-22 07:00:00
Spain,522,0,2009-06-22 07:00:00
Sri Lanka,4,0,2009-06-22 07:00:00
Suriname,11,0,2009-06-22 07:00:00
Sweden,48,0,2009-06-22 07:00:00
Switzerland,31,0,2009-06-22 07:00:00
Thailand,589,0,2009-06-22 07:00:00
Trinidad and Tobago,18,0,2009-06-22 07:00:00
Turkey,20,0,2009-06-22 07:00:00
Ukraine,1,0,2009-06-22 07:00:00
United Arab Emirates,2,0,2009-06-22 07:00:00
United Kingdom,2508,1,2009-06-22 07:00:00
United States of America,21449,87,2009-06-22 07:00:00
Uruguay,36,0,2009-06-22 07:00:00
Venezuela,71,0,2009-06-22 07:00:00
Viet Nam,35,0,2009-06-22 07:00:00
West Bank and Gaza Strip,8,0,2009-06-22 07:00:00
Yemen,5,0,2009-06-22 07:00:00
Argentina,918,4,2009-06-19 07:00:00
Australia,2199,0,2009-06-19 07:00:00
Austria,8,0,2009-06-19 07:00:00
Bahamas,2,0,2009-06-19 07:00:00
Bahrain,12,0,2009-06-19 07:00:00
Barbados,4,0,2009-06-19 07:00:00
Belgium,19,0,2009-06-19 07:00:00
"Bermuda, UKOT",1,0,2009-06-19 07:00:00
Bolivia,11,0,2009-06-19 07:00:00
Brazil,96,0,2009-06-19 07:00:00
"British Virgin Islands, UKOT",1,0,2009-06-19 07:00:00
Bulgaria,2,0,2009-06-19 07:00:00
Canada,4905,12,2009-06-19 07:00:00
"Cayman Islands, UKOT",4,0,2009-06-19 07:00:00
Chile,3125,2,2009-06-19 07:00:00
China,519,0,2009-06-19 07:00:00
Colombia,60,1,2009-06-19 07:00:00
Costa Rica,149,1,2009-06-19 07:00:00
Cuba,15,0,2009-06-19 07:00:00
Cyprus,1,0,2009-06-19 07:00:00
Czech Republic,5,0,2009-06-19 07:00:00
Denmark,22,0,2009-06-19 07:00:00
Dominica,1,0,2009-06-19 07:00:00
Dominican Republic,93,1,2009-06-19 07:00:00
Ecuador,86,0,2009-06-19 07:00:00
Egypt,29,0,2009-06-19 07:00:00
El Salvador,160,0,2009-06-19 07:00:00
Estonia,5,0,2009-06-19 07:00:00
Finland,13,0,2009-06-19 07:00:00
France,133,0,2009-06-19 07:00:00
Germany,238,0,2009-06-19 07:00:00
Greece,31,0,2009-06-19 07:00:00
Guatemala,153,1,2009-06-19 07:00:00
Honduras,108,0,2009-06-19 07:00:00
Hungary,7,0,2009-06-19 07:00:00
Iceland,4,0,2009-06-19 07:00:00
India,30,0,2009-06-19 07:00:00
Ireland,16,0,2009-06-19 07:00:00
Israel,219,0,2009-06-19 07:00:00
Italy,88,0,2009-06-19 07:00:00
Jamaica,14,0,2009-06-19 07:00:00
Japan,690,0,2009-06-19 07:00:00
Jordan,2,0,2009-06-19 07:00:00
"Korea, Republic of",84,0,2009-06-19 07:00:00
Kuwait,18,0,2009-06-19 07:00:00
Laos,1,0,2009-06-19 07:00:00
Lebanon,12,0,2009-06-19 07:00:00
Luxembourg,2,0,2009-06-19 07:00:00
Malaysia,23,0,2009-06-19 07:00:00
Mexico,7624,113,2009-06-19 07:00:00
Morocco,8,0,2009-06-19 07:00:00
Netherlands,91,0,2009-06-19 07:00:00
New Zealand,216,0,2009-06-19 07:00:00
Nicaragua,144,0,2009-06-19 07:00:00
Norway,17,0,2009-06-19 07:00:00
Oman,3,0,2009-06-19 07:00:00
Panama,272,0,2009-06-19 07:00:00
Papua New Guinea,1,0,2009-06-19 07:00:00
Paraguay,27,0,2009-06-19 07:00:00
Peru,141,0,2009-06-19 07:00:00
Philippines,311,0,2009-06-19 07:00:00
Poland,7,0,2009-06-19 07:00:00
Portugal,5,0,2009-06-19 07:00:00
Qatar,3,0,2009-06-19 07:00:00
Romania,18,0,2009-06-19 07:00:00
Russia,3,0,2009-06-19 07:00:00
Samoa,1,0,2009-06-19 07:00:00
Saudi Arabia,22,0,2009-06-19 07:00:00
Singapore,77,0,2009-06-19 07:00:00
Slovakia,3,0,2009-06-19 07:00:00
South Africa,1,0,2009-06-19 07:00:00
Spain,512,0,2009-06-19 07:00:00
Sri Lanka,1,0,2009-06-19 07:00:00
Suriname,11,0,2009-06-19 07:00:00
Sweden,43,0,2009-06-19 07:00:00
Switzerland,27,0,2009-06-19 07:00:00
Thailand,518,0,2009-06-19 07:00:00
Trinidad and Tobago,18,0,2009-06-19 07:00:00
Turkey,20,0,2009-06-19 07:00:00
Ukraine,1,0,2009-06-19 07:00:00
United Arab Emirates,2,0,2009-06-19 07:00:00
United Kingdom,1754,1,2009-06-19 07:00:00
United States of America,17855,44,2009-06-19 07:00:00
Uruguay,36,0,2009-06-19 07:00:00
Venezuela,60,0,2009-06-19 07:00:00
Viet Nam,27,0,2009-06-19 07:00:00
West Bank and Gaza Strip,5,0,2009-06-19 07:00:00
Yemen,4,0,2009-06-19 07:00:00
Argentina,733,1,2009-06-17 12:00:00
Australia,2112,0,2009-06-17 12:00:00
Austria,7,0,2009-06-17 12:00:00
Bahamas,2,0,2009-06-17 12:00:00
Bahrain,12,0,2009-06-17 12:00:00
Barbados,3,0,2009-06-17 12:00:00
Belgium,19,0,2009-06-17 12:00:00
"Bermuda, UKOT",1,0,2009-06-17 12:00:00
Bolivia,11,0,2009-06-17 12:00:00
Brazil,79,0,2009-06-17 12:00:00
"British Virgin Islands, UKOT",1,0,2009-06-17 12:00:00
Bulgaria,2,0,2009-06-17 12:00:00
Canada,4049,7,2009-06-17 12:00:00
"Cayman Islands, UKOT",4,0,2009-06-17 12:00:00
Chile,2335,2,2009-06-17 12:00:00
China,382,0,2009-06-17 12:00:00
Colombia,53,1,2009-06-17 12:00:00
Costa Rica,149,1,2009-06-17 12:00:00
Cuba,7,0,2009-06-17 12:00:00
Cyprus,1,0,2009-06-17 12:00:00
Czech Republic,4,0,2009-06-17 12:00:00
Denmark,15,0,2009-06-17 12:00:00
Dominica,1,0,2009-06-17 12:00:00
Dominican Republic,93,1,2009-06-17 12:00:00
Ecuador,86,0,2009-06-17 12:00:00
Egypt,26,0,2009-06-17 12:00:00
El Salvador,125,0,2009-06-17 12:00:00
Estonia,4,0,2009-06-17 12:00:00
Finland,12,0,2009-06-17 12:00:00
France,120,0,2009-06-17 12:00:00
Germany,195,0,2009-06-17 12:00:00
Greece,23,0,2009-06-17 12:00:00
Guatemala,128,1,2009-06-17 12:00:00
Honduras,100,0,2009-06-17 12:00:00
Hungary,4,0,2009-06-17 12:00:00
Iceland,4,0,2009-06-17 12:00:00
India,30,0,2009-06-17 12:00:00
Ireland,12,0,2009-06-17 12:00:00
Israel,152,0,2009-06-17 12:00:00
Italy,72,0,2009-06-17 12:00:00
Jamaica,12,0,2009-06-17 12:00:00
Japan,666,0,2009-06-17 12:00:00
Jordan,2,0,2009-06-17 12:00:00
"Korea, Republic of",65,0,2009-06-17 12:00:00
Kuwait,18,0,2009-06-17 12:00:00
Lebanon,11,0,2009-06-17 12:00:00
Luxembourg,2,0,2009-06-17 12:00:00
Malaysia,17,0,2009-06-17 12:00:00
Mexico,6241,108,2009-06-17 12:00:00
Morocco,3,0,2009-06-17 12:00:00
Netherlands,69,0,2009-06-17 12:00:00
New Zealand,127,0,2009-06-17 12:00:00
Nicaragua,118,0,2009-06-17 12:00:00
Norway,13,0,2009-06-17 12:00:00
Panama,272,0,2009-06-17 12:00:00
Paraguay,25,0,2009-06-17 12:00:00
Peru,112,0,2009-06-17 12:00:00
Philippines,193,0,2009-06-17 12:00:00
Poland,7,0,2009-06-17 12:00:00
Portugal,3,0,2009-06-17 12:00:00
Qatar,3,0,2009-06-17 12:00:00
Romania,16,0,2009-06-17 12:00:00
Russia,3,0,2009-06-17 12:00:00
Samoa,1,0,2009-06-17 12:00:00
Saudi Arabia,17,0,2009-06-17 12:00:00
Singapore,49,0,2009-06-17 12:00:00
Slovakia,3,0,2009-06-17 12:00:00
Spain,499,0,2009-06-17 12:00:00
Sri Lanka,1,0,2009-06-17 12:00:00
Sweden,37,0,2009-06-17 12:00:00
Switzerland,27,0,2009-06-17 12:00:00
Thailand,310,0,2009-06-17 12:00:00
Trinidad and Tobago,5,0,2009-06-17 12:00:00
Turkey,16,0,2009-06-17 12:00:00
Ukraine,1,0,2009-06-17 12:00:00
United Arab Emirates,1,0,2009-06-17 12:00:00
United Kingdom,1463,1,2009-06-17 12:00:00
United States of America,17855,44,2009-06-17 12:00:00
Uruguay,36,0,2009-06-17 12:00:00
Venezuela,45,0,2009-06-17 12:00:00
Viet Nam,27,0,2009-06-17 12:00:00
West Bank and Gaza Strip,2,0,2009-06-17 12:00:00
Yemen,1,0,2009-06-17 12:00:00
Argentina,343,0,2009-06-15 05:00:00
Australia,1823,0,2009-06-15 05:00:00
Austria,7,0,2009-06-15 05:00:00
Bahamas,1,0,2009-06-15 05:00:00
Bahrain,1,0,2009-06-15 05:00:00
Barbados,3,0,2009-06-15 05:00:00
Belgium,17,0,2009-06-15 05:00:00
Bolivia,7,0,2009-06-15 05:00:00
Brazil,54,0,2009-06-15 05:00:00
Bulgaria,2,0,2009-06-15 05:00:00
Canada,2978,4,2009-06-15 05:00:00
"Cayman Islands, UKOT",2,0,2009-06-15 05:00:00
Chile,1694,2,2009-06-15 05:00:00
China,318,0,2009-06-15 05:00:00
Colombia,42,1,2009-06-15 05:00:00
Costa Rica,104,1,2009-06-15 05:00:00
Cuba,6,0,2009-06-15 05:00:00
Cyprus,1,0,2009-06-15 05:00:00
Czech Republic,4,0,2009-06-15 05:00:00
Denmark,12,0,2009-06-15 05:00:00
Dominica,1,0,2009-06-15 05:00:00
Dominican Republic,93,1,2009-06-15 05:00:00
Ecuador,80,0,2009-06-15 05:00:00
Egypt,18,0,2009-06-15 05:00:00
El Salvador,95,0,2009-06-15 05:00:00
Estonia,4,0,2009-06-15 05:00:00
Finland,4,0,2009-06-15 05:00:00
France,80,0,2009-06-15 05:00:00
Germany,170,0,2009-06-15 05:00:00
Greece,19,0,2009-06-15 05:00:00
Guatemala,119,1,2009-06-15 05:00:00
Honduras,89,0,2009-06-15 05:00:00
Hungary,4,0,2009-06-15 05:00:00
Iceland,4,0,2009-06-15 05:00:00
India,16,0,2009-06-15 05:00:00
Ireland,12,0,2009-06-15 05:00:00
Israel,117,0,2009-06-15 05:00:00
Italy,67,0,2009-06-15 05:00:00
Jamaica,11,0,2009-06-15 05:00:00
Japan,605,0,2009-06-15 05:00:00
"Korea, Republic of",65,0,2009-06-15 05:00:00
Kuwait,18,0,2009-06-15 05:00:00
Lebanon,8,0,2009-06-15 05:00:00
Luxembourg,1,0,2009-06-15 05:00:00
Malaysia,5,0,2009-06-15 05:00:00
Mexico,6241,108,2009-06-15 05:00:00
Morocco,1,0,2009-06-15 05:00:00
Netherlands,61,0,2009-06-15 05:00:00
New Zealand,86,0,2009-06-15 05:00:00
Nicaragua,56,0,2009-06-15 05:00:00
Norway,13,0,2009-06-15 05:00:00
Panama,272,0,2009-06-15 05:00:00
Paraguay,25,0,2009-06-15 05:00:00
Peru,91,0,2009-06-15 05:00:00
Philippines,77,0,2009-06-15 05:00:00
Poland,7,0,2009-06-15 05:00:00
Portugal,3,0,2009-06-15 05:00:00
Romania,13,0,2009-06-15 05:00:00
Russia,3,0,2009-06-15 05:00:00
Saudi Arabia,11,0,2009-06-15 05:00:00
Singapore,47,0,2009-06-15 05:00:00
Slovakia,3,0,2009-06-15 05:00:00
Spain,488,0,2009-06-15 05:00:00
Sweden,32,0,2009-06-15 05:00:00
Switzerland,22,0,2009-06-15 05:00:00
Thailand,29,0,2009-06-15 05:00:00
Trinidad and Tobago,5,0,2009-06-15 05:00:00
Turkey,10,0,2009-06-15 05:00:00
Ukraine,1,0,2009-06-15 05:00:00
United Arab Emirates,1,0,2009-06-15 05:00:00
United Kingdom,1226,0,2009-06-15 05:00:00
United States of America,17855,45,2009-06-15 05:00:00
Uruguay,36,0,2009-06-15 05:00:00
Venezuela,25,0,2009-06-15 05:00:00
Viet Nam,25,0,2009-06-15 05:00:00
West Bank and Gaza Strip,2,0,2009-06-15 05:00:00
Argentina,343,0,2009-06-12 07:00:00
Australia,1307,0,2009-06-12 07:00:00
Austria,7,0,2009-06-12 07:00:00
Bahamas,1,0,2009-06-12 07:00:00
Bahrain,1,0,2009-06-12 07:00:00
Barbados,3,0,2009-06-12 07:00:00
Belgium,14,0,2009-06-12 07:00:00
Bolivia,5,0,2009-06-12 07:00:00
Brazil,52,0,2009-06-12 07:00:00
Bulgaria,2,0,2009-06-12 07:00:00
Canada,2978,4,2009-06-12 07:00:00
"Cayman Islands, UKOT",2,0,2009-06-12 07:00:00
Chile,1694,2,2009-06-12 07:00:00
China,188,0,2009-06-12 07:00:00
Colombia,35,1,2009-06-12 07:00:00
Costa Rica,104,1,2009-06-12 07:00:00
Cuba,6,0,2009-06-12 07:00:00
Cyprus,1,0,2009-06-12 07:00:00
Czech Republic,4,0,2009-06-12 07:00:00
Denmark,11,0,2009-06-12 07:00:00
Dominica,1,0,2009-06-12 07:00:00
Dominican Republic,91,1,2009-06-12 07:00:00
Ecuador,67,0,2009-06-12 07:00:00
Egypt,10,0,2009-06-12 07:00:00
El Salvador,69,0,2009-06-12 07:00:00
Estonia,4,0,2009-06-12 07:00:00
Finland,4,0,2009-06-12 07:00:00
France,73,0,2009-06-12 07:00:00
Germany,95,0,2009-06-12 07:00:00
Greece,7,0,2009-06-12 07:00:00
Guatemala,74,1,2009-06-12 07:00:00
Honduras,89,0,2009-06-12 07:00:00
Hungary,4,0,2009-06-12 07:00:00
Iceland,4,0,2009-06-12 07:00:00
India,9,0,2009-06-12 07:00:00
Ireland,12,0,2009-06-12 07:00:00
Israel,68,0,2009-06-12 07:00:00
Italy,56,0,2009-06-12 07:00:00
Jamaica,11,0,2009-06-12 07:00:00
Japan,549,0,2009-06-12 07:00:00
"Korea, Republic of",53,0,2009-06-12 07:00:00
Kuwait,18,0,2009-06-12 07:00:00
Lebanon,8,0,2009-06-12 07:00:00
Luxembourg,1,0,2009-06-12 07:00:00
Malaysia,5,0,2009-06-12 07:00:00
Mexico,6241,108,2009-06-12 07:00:00
Netherlands,35,0,2009-06-12 07:00:00
New Zealand,27,0,2009-06-12 07:00:00
Nicaragua,56,0,2009-06-12 07:00:00
Norway,13,0,2009-06-12 07:00:00
Panama,221,0,2009-06-12 07:00:00
Paraguay,25,0,2009-06-12 07:00:00
Peru,79,0,2009-06-12 07:00:00
Philippines,77,0,2009-06-12 07:00:00
Poland,7,0,2009-06-12 07:00:00
Portugal,2,0,2009-06-12 07:00:00
Romania,11,0,2009-06-12 07:00:00
Russia,3,0,2009-06-12 07:00:00
Saudi Arabia,1,0,2009-06-12 07:00:00
Singapore,18,0,2009-06-12 07:00:00
Slovakia,3,0,2009-06-12 07:00:00
Spain,488,0,2009-06-12 07:00:00
Sweden,19,0,2009-06-12 07:00:00
Switzerland,20,0,2009-06-12 07:00:00
Thailand,8,0,2009-06-12 07:00:00
Trinidad and Tobago,4,0,2009-06-12 07:00:00
Turkey,10,0,2009-06-12 07:00:00
Ukraine,1,0,2009-06-12 07:00:00
United Arab Emirates,1,0,2009-06-12 07:00:00
United Kingdom,822,0,2009-06-12 07:00:00
United States of America,13217,27,2009-06-12 07:00:00
Uruguay,36,0,2009-06-12 07:00:00
Venezuela,25,0,2009-06-12 07:00:00
Viet Nam,23,0,2009-06-12 07:00:00
Argentina,256,0,2009-06-11 02:00:00
Australia,1307,0,2009-06-11 02:00:00
Austria,7,0,2009-06-11 02:00:00
Bahamas,1,0,2009-06-11 02:00:00
Bahrain,1,0,2009-06-11 02:00:00
Barbados,3,0,2009-06-11 02:00:00
Belgium,14,0,2009-06-11 02:00:00
Bolivia,5,0,2009-06-11 02:00:00
Brazil,40,0,2009-06-11 02:00:00
Bulgaria,2,0,2009-06-11 02:00:00
Canada,2446,4,2009-06-11 02:00:00
"Cayman Islands, UKOT",2,0,2009-06-11 02:00:00
Chile,1694,2,2009-06-11 02:00:00
China,174,0,2009-06-11 02:00:00
Colombia,35,1,2009-06-11 02:00:00
Costa Rica,104,1,2009-06-11 02:00:00
Cuba,5,0,2009-06-11 02:00:00
Cyprus,1,0,2009-06-11 02:00:00
Czech Republic,4,0,2009-06-11 02:00:00
Denmark,10,0,2009-06-11 02:00:00
Dominica,1,0,2009-06-11 02:00:00
Dominican Republic,91,1,2009-06-11 02:00:00
Ecuador,67,0,2009-06-11 02:00:00
Egypt,10,0,2009-06-11 02:00:00
El Salvador,69,0,2009-06-11 02:00:00
Estonia,4,0,2009-06-11 02:00:00
Finland,4,0,2009-06-11 02:00:00
France,73,0,2009-06-11 02:00:00
Germany,95,0,2009-06-11 02:00:00
Greece,7,0,2009-06-11 02:00:00
Guatemala,60,0,2009-06-11 02:00:00
Honduras,89,0,2009-06-11 02:00:00
Hungary,4,0,2009-06-11 02:00:00
Iceland,3,0,2009-06-11 02:00:00
India,9,0,2009-06-11 02:00:00
Ireland,12,0,2009-06-11 02:00:00
Israel,68,0,2009-06-11 02:00:00
Italy,54,0,2009-06-11 02:00:00
Jamaica,10,0,2009-06-11 02:00:00
Japan,518,0,2009-06-11 02:00:00
"Korea, Republic of",53,0,2009-06-11 02:00:00
Kuwait,18,0,2009-06-11 02:00:00
Lebanon,8,0,2009-06-11 02:00:00
Luxembourg,1,0,2009-06-11 02:00:00
Malaysia,5,0,2009-06-11 02:00:00
Mexico,6241,108,2009-06-11 02:00:00
Netherlands,30,0,2009-06-11 02:00:00
New Zealand,23,0,2009-06-11 02:00:00
Nicaragua,45,0,2009-06-11 02:00:00
Norway,13,0,2009-06-11 02:00:00
Panama,221,0,2009-06-11 02:00:00
Paraguay,25,0,2009-06-11 02:00:00
Peru,64,0,2009-06-11 02:00:00
Philippines,77,0,2009-06-11 02:00:00
Poland,7,0,2009-06-11 02:00:00
Portugal,2,0,2009-06-11 02:00:00
Romania,11,0,2009-06-11 02:00:00
Russia,3,0,2009-06-11 02:00:00
Saudi Arabia,1,0,2009-06-11 02:00:00
Singapore,18,0,2009-06-11 02:00:00
Slovakia,3,0,2009-06-11 02:00:00
Spain,357,0,2009-06-11 02:00:00
Sweden,19,0,2009-06-11 02:00:00
Switzerland,20,0,2009-06-11 02:00:00
Thailand,8,0,2009-06-11 02:00:00
Trinidad and Tobago,2,0,2009-06-11 02:00:00
Turkey,10,0,2009-06-11 02:00:00
Ukraine,1,0,2009-06-11 02:00:00
United Arab Emirates,1,0,2009-06-11 02:00:00
United Kingdom,822,0,2009-06-11 02:00:00
United States of America,13217,27,2009-06-11 02:00:00
Uruguay,24,0,2009-06-11 02:00:00
Venezuela,13,0,2009-06-11 02:00:00
Viet Nam,16,0,2009-06-11 02:00:00
Argentina,235,0,2009-06-10 06:00:00
Australia,1224,0,2009-06-10 06:00:00
Austria,5,0,2009-06-10 06:00:00
Bahamas,2,0,2009-06-10 06:00:00
Bahrain,1,0,2009-06-10 06:00:00
Barbados,2,0,2009-06-10 06:00:00
Belgium,14,0,2009-06-10 06:00:00
Bolivia,3,0,2009-06-10 06:00:00
Brazil,36,0,2009-06-10 06:00:00
Bulgaria,2,0,2009-06-10 06:00:00
Canada,2446,4,2009-06-10 06:00:00
"Cayman Islands, UKOT",1,0,2009-06-10 06:00:00
Chile,1694,2,2009-06-10 06:00:00
China,142,0,2009-06-10 06:00:00
Colombia,35,0,2009-06-10 06:00:00
Costa Rica,93,1,2009-06-10 06:00:00
Cuba,5,0,2009-06-10 06:00:00
Cyprus,1,0,2009-06-10 06:00:00
Czech Republic,2,0,2009-06-10 06:00:00
Denmark,8,0,2009-06-10 06:00:00
Dominica,1,0,2009-06-10 06:00:00
Dominican Republic,91,1,2009-06-10 06:00:00
Ecuador,60,0,2009-06-10 06:00:00
Egypt,8,0,2009-06-10 06:00:00
El Salvador,69,0,2009-06-10 06:00:00
Estonia,4,0,2009-06-10 06:00:00
Finland,4,0,2009-06-10 06:00:00
France,71,0,2009-06-10 06:00:00
Germany,78,0,2009-06-10 06:00:00
Greece,5,0,2009-06-10 06:00:00
Guatemala,60,0,2009-06-10 06:00:00
Honduras,89,0,2009-06-10 06:00:00
Hungary,3,0,2009-06-10 06:00:00
Iceland,2,0,2009-06-10 06:00:00
India,4,0,2009-06-10 06:00:00
Ireland,12,0,2009-06-10 06:00:00
Israel,63,0,2009-06-10 06:00:00
Italy,50,0,2009-06-10 06:00:00
Jamaica,7,0,2009-06-10 06:00:00
Japan,485,0,2009-06-10 06:00:00
"Korea, Republic of",48,0,2009-06-10 06:00:00
Kuwait,18,0,2009-06-10 06:00:00
Lebanon,8,0,2009-06-10 06:00:00
Luxembourg,1,0,2009-06-10 06:00:00
Malaysia,5,0,2009-06-10 06:00:00
Mexico,5717,106,2009-06-10 06:00:00
Netherlands,22,0,2009-06-10 06:00:00
New Zealand,23,0,2009-06-10 06:00:00
Nicaragua,29,0,2009-06-10 06:00:00
Norway,9,0,2009-06-10 06:00:00
Panama,221,0,2009-06-10 06:00:00
Paraguay,16,0,2009-06-10 06:00:00
Peru,64,0,2009-06-10 06:00:00
Philippines,54,0,2009-06-10 06:00:00
Poland,6,0,2009-06-10 06:00:00
Portugal,2,0,2009-06-10 06:00:00
Romania,9,0,2009-06-10 06:00:00
Russia,3,0,2009-06-10 06:00:00
Saudi Arabia,1,0,2009-06-10 06:00:00
Singapore,18,0,2009-06-10 06:00:00
Slovakia,3,0,2009-06-10 06:00:00
Spain,331,0,2009-06-10 06:00:00
Sweden,16,0,2009-06-10 06:00:00
Switzerland,16,0,2009-06-10 06:00:00
Thailand,8,0,2009-06-10 06:00:00
Trinidad and Tobago,2,0,2009-06-10 06:00:00
Turkey,10,0,2009-06-10 06:00:00
Ukraine,1,0,2009-06-10 06:00:00
United Arab Emirates,1,0,2009-06-10 06:00:00
United Kingdom,666,0,2009-06-10 06:00:00
United States of America,13217,27,2009-06-10 06:00:00
Uruguay,24,0,2009-06-10 06:00:00
Venezuela,12,0,2009-06-10 06:00:00
Viet Nam,15,0,2009-06-10 06:00:00
Argentina,202,0,2009-06-08 06:00:00
Australia,1051,0,2009-06-08 06:00:00
Austria,5,0,2009-06-08 06:00:00
Bahamas,1,0,2009-06-08 06:00:00
Bahrain,1,0,2009-06-08 06:00:00
Barbados,2,0,2009-06-08 06:00:00
Belgium,14,0,2009-06-08 06:00:00
Bolivia,3,0,2009-06-08 06:00:00
Brazil,35,0,2009-06-08 06:00:00
Bulgaria,2,0,2009-06-08 06:00:00
Canada,2115,3,2009-06-08 06:00:00
"Cayman Islands, UKOT",1,0,2009-06-08 06:00:00
Chile,411,1,2009-06-08 06:00:00
China,108,0,2009-06-08 06:00:00
Colombia,25,0,2009-06-08 06:00:00
Costa Rica,68,1,2009-06-08 06:00:00
Cuba,5,0,2009-06-08 06:00:00
Cyprus,1,0,2009-06-08 06:00:00
Czech Republic,2,0,2009-06-08 06:00:00
Denmark,7,0,2009-06-08 06:00:00
Dominica,1,0,2009-06-08 06:00:00
Dominican Republic,44,1,2009-06-08 06:00:00
Ecuador,60,0,2009-06-08 06:00:00
Egypt,1,0,2009-06-08 06:00:00
El Salvador,69,0,2009-06-08 06:00:00
Estonia,3,0,2009-06-08 06:00:00
Finland,4,0,2009-06-08 06:00:00
France,58,0,2009-06-08 06:00:00
Germany,63,0,2009-06-08 06:00:00
Greece,5,0,2009-06-08 06:00:00
Guatemala,30,0,2009-06-08 06:00:00
Honduras,34,0,2009-06-08 06:00:00
Hungary,3,0,2009-06-08 06:00:00
Iceland,1,0,2009-06-08 06:00:00
India,4,0,2009-06-08 06:00:00
Ireland,11,0,2009-06-08 06:00:00
Israel,54,0,2009-06-08 06:00:00
Italy,50,0,2009-06-08 06:00:00
Jamaica,4,0,2009-06-08 06:00:00
Japan,410,0,2009-06-08 06:00:00
"Korea, Republic of",47,0,2009-06-08 06:00:00
Kuwait,18,0,2009-06-08 06:00:00
Lebanon,3,0,2009-06-08 06:00:00
Luxembourg,1,0,2009-06-08 06:00:00
Malaysia,5,0,2009-06-08 06:00:00
Mexico,5717,106,2009-06-08 06:00:00
Netherlands,10,0,2009-06-08 06:00:00
New Zealand,14,0,2009-06-08 06:00:00
Nicaragua,18,0,2009-06-08 06:00:00
Norway,9,0,2009-06-08 06:00:00
Panama,179,0,2009-06-08 06:00:00
Paraguay,5,0,2009-06-08 06:00:00
Peru,61,0,2009-06-08 06:00:00
Philippines,33,0,2009-06-08 06:00:00
Poland,5,0,2009-06-08 06:00:00
Portugal,2,0,2009-06-08 06:00:00
Romania,9,0,2009-06-08 06:00:00
Russia,3,0,2009-06-08 06:00:00
Saudi Arabia,1,0,2009-06-08 06:00:00
Singapore,15,0,2009-06-08 06:00:00
Slovakia,3,0,2009-06-08 06:00:00
Spain,291,0,2009-06-08 06:00:00
Sweden,14,0,2009-06-08 06:00:00
Switzerland,16,0,2009-06-08 06:00:00
Thailand,8,0,2009-06-08 06:00:00
Trinidad and Tobago,2,0,2009-06-08 06:00:00
Turkey,10,0,2009-06-08 06:00:00
United Arab Emirates,1,0,2009-06-08 06:00:00
United Kingdom,557,0,2009-06-08 06:00:00
United States of America,13217,27,2009-06-08 06:00:00
Uruguay,17,0,2009-06-08 06:00:00
Venezuela,4,0,2009-06-08 06:00:00
Viet Nam,9,0,2009-06-08 06:00:00
Argentina,147,0,2009-06-05 06:00:00
Australia,876,0,2009-06-05 06:00:00
Austria,2,0,2009-06-05 06:00:00
Bahamas,1,0,2009-06-05 06:00:00
Bahrain,1,0,2009-06-05 06:00:00
Barbados,1,0,2009-06-05 06:00:00
Belgium,13,0,2009-06-05 06:00:00
Bolivia,3,0,2009-06-05 06:00:00
Brazil,28,0,2009-06-05 06:00:00
Bulgaria,1,0,2009-06-05 06:00:00
Canada,1795,3,2009-06-05 06:00:00
Chile,369,1,2009-06-05 06:00:00
China,89,0,2009-06-05 06:00:00
Colombia,24,0,2009-06-05 06:00:00
Costa Rica,68,1,2009-06-05 06:00:00
Cuba,4,0,2009-06-05 06:00:00
Cyprus,1,0,2009-06-05 06:00:00
Czech Republic,2,0,2009-06-05 06:00:00
Denmark,4,0,2009-06-05 06:00:00
Dominican Republic,33,0,2009-06-05 06:00:00
Ecuador,43,0,2009-06-05 06:00:00
Egypt,1,0,2009-06-05 06:00:00
El Salvador,49,0,2009-06-05 06:00:00
Estonia,3,0,2009-06-05 06:00:00
Finland,4,0,2009-06-05 06:00:00
France,47,0,2009-06-05 06:00:00
Germany,43,0,2009-06-05 06:00:00
Greece,5,0,2009-06-05 06:00:00
Guatemala,23,0,2009-06-05 06:00:00
Honduras,34,0,2009-06-05 06:00:00
Hungary,3,0,2009-06-05 06:00:00
Iceland,1,0,2009-06-05 06:00:00
India,4,0,2009-06-05 06:00:00
Ireland,8,0,2009-06-05 06:00:00
Israel,39,0,2009-06-05 06:00:00
Italy,38,0,2009-06-05 06:00:00
Jamaica,2,0,2009-06-05 06:00:00
Japan,410,0,2009-06-05 06:00:00
"Korea, Republic of",41,0,2009-06-05 06:00:00
Kuwait,18,0,2009-06-05 06:00:00
Lebanon,3,0,2009-06-05 06:00:00
Luxembourg,1,0,2009-06-05 06:00:00
Malaysia,2,0,2009-06-05 06:00:00
Mexico,5563,103,2009-06-05 06:00:00
Netherlands,4,0,2009-06-05 06:00:00
New Zealand,11,0,2009-06-05 06:00:00
Nicaragua,5,0,2009-06-05 06:00:00
Norway,9,0,2009-06-05 06:00:00
Panama,173,0,2009-06-05 06:00:00
Paraguay,5,0,2009-06-05 06:00:00
Peru,47,0,2009-06-05 06:00:00
Philippines,29,0,2009-06-05 06:00:00
Poland,4,0,2009-06-05 06:00:00
Portugal,2,0,2009-06-05 06:00:00
Romania,8,0,2009-06-05 06:00:00
Russia,3,0,2009-06-05 06:00:00
Saudi Arabia,1,0,2009-06-05 06:00:00
Singapore,12,0,2009-06-05 06:00:00
Slovakia,3,0,2009-06-05 06:00:00
Spain,218,0,2009-06-05 06:00:00
Sweden,13,0,2009-06-05 06:00:00
Switzerland,10,0,2009-06-05 06:00:00
Thailand,8,0,2009-06-05 06:00:00
Turkey,8,0,2009-06-05 06:00:00
United Kingdom,428,0,2009-06-05 06:00:00
United States of America,11054,17,2009-06-05 06:00:00
Uruguay,15,0,2009-06-05 06:00:00
Venezuela,4,0,2009-06-05 06:00:00
Viet Nam,3,0,2009-06-05 06:00:00
Argentina,131,0,2009-06-03 06:00:00
Australia,501,0,2009-06-03 06:00:00
Austria,1,0,2009-06-03 06:00:00
Bahamas,1,0,2009-06-03 06:00:00
Bahrain,1,0,2009-06-03 06:00:00
Belgium,13,0,2009-06-03 06:00:00
Bolivia,3,0,2009-06-03 06:00:00
Brazil,20,0,2009-06-03 06:00:00
Bulgaria,1,0,2009-06-03 06:00:00
Canada,1530,2,2009-06-03 06:00:00
Chile,313,0,2009-06-03 06:00:00
China,69,0,2009-06-03 06:00:00
Colombia,20,0,2009-06-03 06:00:00
Costa Rica,50,1,2009-06-03 06:00:00
Cuba,4,0,2009-06-03 06:00:00
Cyprus,1,0,2009-06-03 06:00:00
Czech Republic,1,0,2009-06-03 06:00:00
Denmark,1,0,2009-06-03 06:00:00
Dominican Republic,11,0,2009-06-03 06:00:00
Ecuador,39,0,2009-06-03 06:00:00
Egypt,1,0,2009-06-03 06:00:00
El Salvador,41,0,2009-06-03 06:00:00
Estonia,1,0,2009-06-03 06:00:00
Finland,4,0,2009-06-03 06:00:00
France,26,0,2009-06-03 06:00:00
Germany,28,0,2009-06-03 06:00:00
Greece,5,0,2009-06-03 06:00:00
Guatemala,14,0,2009-06-03 06:00:00
Honduras,2,0,2009-06-03 06:00:00
Hungary,1,0,2009-06-03 06:00:00
Iceland,1,0,2009-06-03 06:00:00
India,1,0,2009-06-03 06:00:00
Ireland,4,0,2009-06-03 06:00:00
Israel,33,0,2009-06-03 06:00:00
Italy,30,0,2009-06-03 06:00:00
Jamaica,2,0,2009-06-03 06:00:00
Japan,385,0,2009-06-03 06:00:00
"Korea, Republic of",41,0,2009-06-03 06:00:00
Kuwait,18,0,2009-06-03 06:00:00
Lebanon,3,0,2009-06-03 06:00:00
Malaysia,2,0,2009-06-03 06:00:00
Mexico,5029,97,2009-06-03 06:00:00
Netherlands,4,0,2009-06-03 06:00:00
New Zealand,10,0,2009-06-03 06:00:00
Nicaragua,1,0,2009-06-03 06:00:00
Norway,4,0,2009-06-03 06:00:00
Panama,155,0,2009-06-03 06:00:00
Paraguay,5,0,2009-06-03 06:00:00
Peru,40,0,2009-06-03 06:00:00
Philippines,16,0,2009-06-03 06:00:00
Poland,4,0,2009-06-03 06:00:00
Portugal,2,0,2009-06-03 06:00:00
Romania,5,0,2009-06-03 06:00:00
Russia,3,0,2009-06-03 06:00:00
Singapore,9,0,2009-06-03 06:00:00
Slovakia,2,0,2009-06-03 06:00:00
Spain,180,0,2009-06-03 06:00:00
Sweden,7,0,2009-06-03 06:00:00
Switzerland,10,0,2009-06-03 06:00:00
Thailand,2,0,2009-06-03 06:00:00
Turkey,4,0,2009-06-03 06:00:00
United Kingdom,339,0,2009-06-03 06:00:00
United States of America,10053,17,2009-06-03 06:00:00
Uruguay,15,0,2009-06-03 06:00:00
Venezuela,3,0,2009-06-03 06:00:00
Viet Nam,3,0,2009-06-03 06:00:00
Argentina,100,0,2009-06-01 06:00:00
Australia,297,0,2009-06-01 06:00:00
Austria,1,0,2009-06-01 06:00:00
Bahamas,1,0,2009-06-01 06:00:00
Bahrain,1,0,2009-06-01 06:00:00
Belgium,12,0,2009-06-01 06:00:00
Bolivia,3,0,2009-06-01 06:00:00
Brazil,18,0,2009-06-01 06:00:00
Canada,1336,2,2009-06-01 06:00:00
Chile,250,0,2009-06-01 06:00:00
China,52,0,2009-06-01 06:00:00
Colombia,20,0,2009-06-01 06:00:00
Costa Rica,37,1,2009-06-01 06:00:00
Cuba,4,0,2009-06-01 06:00:00
Cyprus,1,0,2009-06-01 06:00:00
Czech Republic,1,0,2009-06-01 06:00:00
Denmark,1,0,2009-06-01 06:00:00
Dominican Republic,2,0,2009-06-01 06:00:00
Ecuador,39,0,2009-06-01 06:00:00
El Salvador,27,0,2009-06-01 06:00:00
Estonia,1,0,2009-06-01 06:00:00
Finland,3,0,2009-06-01 06:00:00
France,24,0,2009-06-01 06:00:00
Germany,28,0,2009-06-01 06:00:00
Greece,4,0,2009-06-01 06:00:00
Guatemala,12,0,2009-06-01 06:00:00
Honduras,2,0,2009-06-01 06:00:00
Hungary,1,0,2009-06-01 06:00:00
Iceland,1,0,2009-06-01 06:00:00
India,1,0,2009-06-01 06:00:00
Ireland,4,0,2009-06-01 06:00:00
Israel,19,0,2009-06-01 06:00:00
Italy,29,0,2009-06-01 06:00:00
Jamaica,2,0,2009-06-01 06:00:00
Japan,370,0,2009-06-01 06:00:00
"Korea, Republic of",33,0,2009-06-01 06:00:00
Kuwait,18,0,2009-06-01 06:00:00
Malaysia,2,0,2009-06-01 06:00:00
Mexico,5029,97,2009-06-01 06:00:00
Netherlands,3,0,2009-06-01 06:00:00
New Zealand,9,0,2009-06-01 06:00:00
Norway,4,0,2009-06-01 06:00:00
Panama,107,0,2009-06-01 06:00:00
Paraguay,5,0,2009-06-01 06:00:00
Peru,36,0,2009-06-01 06:00:00
Philippines,16,0,2009-06-01 06:00:00
Poland,4,0,2009-06-01 06:00:00
Portugal,1,0,2009-06-01 06:00:00
Romania,3,0,2009-06-01 06:00:00
Russia,3,0,2009-06-01 06:00:00
Singapore,5,0,2009-06-01 06:00:00
Slovakia,2,0,2009-06-01 06:00:00
Spain,178,0,2009-06-01 06:00:00
Sweden,4,0,2009-06-01 06:00:00
Switzerland,8,0,2009-06-01 06:00:00
Thailand,2,0,2009-06-01 06:00:00
Turkey,4,0,2009-06-01 06:00:00
United Kingdom,229,0,2009-06-01 06:00:00
United States of America,8975,15,2009-06-01 06:00:00
Uruguay,11,0,2009-06-01 06:00:00
Venezuela,2,0,2009-06-01 06:00:00
Viet Nam,1,0,2009-06-01 06:00:00
Argentina,37,0,2009-05-29 06:00:00
Australia,147,0,2009-05-29 06:00:00
Austria,1,0,2009-05-29 06:00:00
Bahrain,1,0,2009-05-29 06:00:00
Belgium,8,0,2009-05-29 06:00:00
Brazil,10,0,2009-05-29 06:00:00
Canada,1118,2,2009-05-29 06:00:00
Chile,165,0,2009-05-29 06:00:00
China,30,0,2009-05-29 06:00:00
Colombia,17,0,2009-05-29 06:00:00
Costa Rica,33,1,2009-05-29 06:00:00
Cuba,4,0,2009-05-29 06:00:00
Czech Republic,1,0,2009-05-29 06:00:00
Denmark,1,0,2009-05-29 06:00:00
Dominican Republic,2,0,2009-05-29 06:00:00
Ecuador,32,0,2009-05-29 06:00:00
El Salvador,11,0,2009-05-29 06:00:00
Finland,3,0,2009-05-29 06:00:00
France,21,0,2009-05-29 06:00:00
Germany,19,0,2009-05-29 06:00:00
Greece,3,0,2009-05-29 06:00:00
Guatemala,5,0,2009-05-29 06:00:00
Honduras,1,0,2009-05-29 06:00:00
Iceland,1,0,2009-05-29 06:00:00
India,1,0,2009-05-29 06:00:00
Ireland,3,0,2009-05-29 06:00:00
Israel,11,0,2009-05-29 06:00:00
Italy,26,0,2009-05-29 06:00:00
Japan,364,0,2009-05-29 06:00:00
"Korea, Republic of",33,0,2009-05-29 06:00:00
Kuwait,18,0,2009-05-29 06:00:00
Malaysia,2,0,2009-05-29 06:00:00
Mexico,4910,85,2009-05-29 06:00:00
Netherlands,3,0,2009-05-29 06:00:00
New Zealand,9,0,2009-05-29 06:00:00
Norway,4,0,2009-05-29 06:00:00
Panama,107,0,2009-05-29 06:00:00
Peru,31,0,2009-05-29 06:00:00
Philippines,6,0,2009-05-29 06:00:00
Poland,4,0,2009-05-29 06:00:00
Portugal,1,0,2009-05-29 06:00:00
Romania,3,0,2009-05-29 06:00:00
Russia,2,0,2009-05-29 06:00:00
Singapore,4,0,2009-05-29 06:00:00
Slovakia,1,0,2009-05-29 06:00:00
Spain,143,0,2009-05-29 06:00:00
Sweden,4,0,2009-05-29 06:00:00
Switzerland,4,0,2009-05-29 06:00:00
Thailand,2,0,2009-05-29 06:00:00
Turkey,2,0,2009-05-29 06:00:00
United Kingdom,203,0,2009-05-29 06:00:00
United States of America,7927,11,2009-05-29 06:00:00
Uruguay,2,0,2009-05-29 06:00:00
Argentina,19,0,2009-05-27 08:00:00
Australia,39,0,2009-05-27 08:00:00
Austria,1,0,2009-05-27 08:00:00
Bahrain,1,0,2009-05-27 08:00:00
Belgium,7,0,2009-05-27 08:00:00
Brazil,9,0,2009-05-27 08:00:00
Canada,921,1,2009-05-27 08:00:00
Chile,86,0,2009-05-27 08:00:00
China,22,0,2009-05-27 08:00:00
Colombia,16,0,2009-05-27 08:00:00
Costa Rica,33,1,2009-05-27 08:00:00
Cuba,4,0,2009-05-27 08:00:00
Denmark,1,0,2009-05-27 08:00:00
Ecuador,28,0,2009-05-27 08:00:00
El Salvador,11,0,2009-05-27 08:00:00
Finland,2,0,2009-05-27 08:00:00
France,16,0,2009-05-27 08:00:00
Germany,17,0,2009-05-27 08:00:00
Greece,1,0,2009-05-27 08:00:00
Guatemala,5,0,2009-05-27 08:00:00
Honduras,1,0,2009-05-27 08:00:00
Iceland,1,0,2009-05-27 08:00:00
India,1,0,2009-05-27 08:00:00
Ireland,1,0,2009-05-27 08:00:00
Israel,9,0,2009-05-27 08:00:00
Italy,23,0,2009-05-27 08:00:00
Japan,360,0,2009-05-27 08:00:00
"Korea, Republic of",21,0,2009-05-27 08:00:00
Kuwait,18,0,2009-05-27 08:00:00
Malaysia,2,0,2009-05-27 08:00:00
Mexico,4541,83,2009-05-27 08:00:00
Netherlands,3,0,2009-05-27 08:00:00
New Zealand,9,0,2009-05-27 08:00:00
Norway,4,0,2009-05-27 08:00:00
Panama,76,0,2009-05-27 08:00:00
Peru,27,0,2009-05-27 08:00:00
Philippines,2,0,2009-05-27 08:00:00
Poland,3,0,2009-05-27 08:00:00
Portugal,1,0,2009-05-27 08:00:00
Russia,2,0,2009-05-27 08:00:00
Singapore,1,0,2009-05-27 08:00:00
Spain,138,0,2009-05-27 08:00:00
Sweden,3,0,2009-05-27 08:00:00
Switzerland,3,0,2009-05-27 08:00:00
Thailand,2,0,2009-05-27 08:00:00
Turkey,2,0,2009-05-27 08:00:00
United Kingdom,137,0,2009-05-27 08:00:00
United States of America,6764,10,2009-05-27 08:00:00
Argentina,5,0,2009-05-26 06:00:00
Australia,19,0,2009-05-26 06:00:00
Austria,1,0,2009-05-26 06:00:00
Belgium,7,0,2009-05-26 06:00:00
Brazil,9,0,2009-05-26 06:00:00
Canada,921,1,2009-05-26 06:00:00
Chile,74,0,2009-05-26 06:00:00
China,20,0,2009-05-26 06:00:00
Colombia,16,0,2009-05-26 06:00:00
Costa Rica,33,1,2009-05-26 06:00:00
Cuba,4,0,2009-05-26 06:00:00
Denmark,1,0,2009-05-26 06:00:00
Ecuador,24,0,2009-05-26 06:00:00
El Salvador,6,0,2009-05-26 06:00:00
Finland,2,0,2009-05-26 06:00:00
France,16,0,2009-05-26 06:00:00
Germany,17,0,2009-05-26 06:00:00
Greece,1,0,2009-05-26 06:00:00
Guatemala,4,0,2009-05-26 06:00:00
Honduras,1,0,2009-05-26 06:00:00
Iceland,1,0,2009-05-26 06:00:00
India,1,0,2009-05-26 06:00:00
Ireland,1,0,2009-05-26 06:00:00
Israel,8,0,2009-05-26 06:00:00
Italy,19,0,2009-05-26 06:00:00
Japan,350,0,2009-05-26 06:00:00
"Korea, Republic of",21,0,2009-05-26 06:00:00
Kuwait,18,0,2009-05-26 06:00:00
Malaysia,2,0,2009-05-26 06:00:00
Mexico,4174,80,2009-05-26 06:00:00
Netherlands,3,0,2009-05-26 06:00:00
New Zealand,9,0,2009-05-26 06:00:00
Norway,4,0,2009-05-26 06:00:00
Panama,76,0,2009-05-26 06:00:00
Peru,27,0,2009-05-26 06:00:00
Philippines,2,0,2009-05-26 06:00:00
Poland,3,0,2009-05-26 06:00:00
Portugal,1,0,2009-05-26 06:00:00
Russia,2,0,2009-05-26 06:00:00
Spain,136,0,2009-05-26 06:00:00
Sweden,3,0,2009-05-26 06:00:00
Switzerland,3,0,2009-05-26 06:00:00
Thailand,2,0,2009-05-26 06:00:00
Turkey,2,0,2009-05-26 06:00:00
United Kingdom,137,0,2009-05-26 06:00:00
United States of America,6764,10,2009-05-26 06:00:00
Argentina,2,0,2009-05-25 08:00:00
Australia,16,0,2009-05-25 08:00:00
Austria,1,0,2009-05-25 08:00:00
Belgium,7,0,2009-05-25 08:00:00
Brazil,9,0,2009-05-25 08:00:00
Canada,805,1,2009-05-25 08:00:00
Chile,44,0,2009-05-25 08:00:00
China,15,0,2009-05-25 08:00:00
Colombia,13,0,2009-05-25 08:00:00
Costa Rica,28,1,2009-05-25 08:00:00
Cuba,4,0,2009-05-25 08:00:00
Denmark,1,0,2009-05-25 08:00:00
Ecuador,10,0,2009-05-25 08:00:00
El Salvador,6,0,2009-05-25 08:00:00
Finland,2,0,2009-05-25 08:00:00
France,16,0,2009-05-25 08:00:00
Germany,17,0,2009-05-25 08:00:00
Greece,1,0,2009-05-25 08:00:00
Guatemala,4,0,2009-05-25 08:00:00
Honduras,1,0,2009-05-25 08:00:00
Iceland,1,0,2009-05-25 08:00:00
India,1,0,2009-05-25 08:00:00
Ireland,1,0,2009-05-25 08:00:00
Israel,8,0,2009-05-25 08:00:00
Italy,19,0,2009-05-25 08:00:00
Japan,345,0,2009-05-25 08:00:00
"Korea, Republic of",3,0,2009-05-25 08:00:00
Kuwait,18,0,2009-05-25 08:00:00
Malaysia,2,0,2009-05-25 08:00:00
Mexico,4174,80,2009-05-25 08:00:00
Netherlands,3,0,2009-05-25 08:00:00
New Zealand,9,0,2009-05-25 08:00:00
Norway,4,0,2009-05-25 08:00:00
Panama,76,0,2009-05-25 08:00:00
Peru,25,0,2009-05-25 08:00:00
Philippines,1,0,2009-05-25 08:00:00
Poland,3,0,2009-05-25 08:00:00
Portugal,1,0,2009-05-25 08:00:00
Russia,1,0,2009-05-25 08:00:00
Spain,133,0,2009-05-25 08:00:00
Sweden,3,0,2009-05-25 08:00:00
Switzerland,3,0,2009-05-25 08:00:00
Thailand,2,0,2009-05-25 08:00:00
Turkey,2,0,2009-05-25 08:00:00
United Kingdom,122,0,2009-05-25 08:00:00
United States of America,6552,9,2009-05-25 08:00:00
Argentina,1,0,2009-05-23 08:00:00
Australia,12,0,2009-05-23 08:00:00
Austria,1,0,2009-05-23 08:00:00
Belgium,7,0,2009-05-23 08:00:00
Brazil,8,0,2009-05-23 08:00:00
Canada,719,1,2009-05-23 08:00:00
Chile,24,0,2009-05-23 08:00:00
China,11,0,2009-05-23 08:00:00
Colombia,12,0,2009-05-23 08:00:00
Costa Rica,20,1,2009-05-23 08:00:00
Cuba,4,0,2009-05-23 08:00:00
Denmark,1,0,2009-05-23 08:00:00
Ecuador,8,0,2009-05-23 08:00:00
El Salvador,6,0,2009-05-23 08:00:00
Finland,2,0,2009-05-23 08:00:00
France,16,0,2009-05-23 08:00:00
Germany,17,0,2009-05-23 08:00:00
Greece,1,0,2009-05-23 08:00:00
Guatemala,4,0,2009-05-23 08:00:00
India,1,0,2009-05-23 08:00:00
Ireland,1,0,2009-05-23 08:00:00
Israel,7,0,2009-05-23 08:00:00
Italy,14,0,2009-05-23 08:00:00
Japan,321,0,2009-05-23 08:00:00
"Korea, Republic of",3,0,2009-05-23 08:00:00
Malaysia,2,0,2009-05-23 08:00:00
Mexico,3892,75,2009-05-23 08:00:00
Netherlands,3,0,2009-05-23 08:00:00
New Zealand,9,0,2009-05-23 08:00:00
Norway,4,0,2009-05-23 08:00:00
Panama,76,0,2009-05-23 08:00:00
Peru,5,0,2009-05-23 08:00:00
Philippines,1,0,2009-05-23 08:00:00
Poland,2,0,2009-05-23 08:00:00
Portugal,1,0,2009-05-23 08:00:00
Russia,1,0,2009-05-23 08:00:00
Spain,126,0,2009-05-23 08:00:00
Sweden,3,0,2009-05-23 08:00:00
Switzerland,2,0,2009-05-23 08:00:00
Thailand,2,0,2009-05-23 08:00:00
Turkey,2,0,2009-05-23 08:00:00
United Kingdom,117,0,2009-05-23 08:00:00
United States of America,6552,9,2009-05-23 08:00:00
